Name,ID,Version,License,Repo,Organisation
Water gun,Q66192,1.0.0,https://spdx.org/licenses/CC-BY-SA-4.0,https://www.thingiverse.com/thing:19650,
Robotech Gun,Q178956,1.0.0,https://spdx.org/licenses/CC-BY-SA-4.0,https://www.thingiverse.com/thing:50150,
Gauss Gun,Q63585,1.0.0,https://spdx.org/licenses/CC-BY-4.0,https://www.thingiverse.com/thing:18123,
Portal Gun,Q825579,1.0.0,https://spdx.org/licenses/CC-BY-SA-4.0,https://www.thingiverse.com/thing:368938,
Gun,Q745774,1.0.0,https://spdx.org/licenses/CC-BY-SA-4.0,https://www.thingiverse.com/thing:282742,
toy gun,Q277184,1.0.0,https://spdx.org/licenses/CC-BY-4.0,https://www.thingiverse.com/thing:122022,
Turret Machine Gun,Q59760,1.0.0,https://spdx.org/licenses/CC-BY-SA-4.0,https://www.thingiverse.com/thing:15765,
Rubber Band Gun,Q455229,1.0.0,https://spdx.org/licenses/CC-BY-SA-4.0,https://www.thingiverse.com/thing:247393,
Thor guns separated,Q277208,1.0.0,https://spdx.org/licenses/CC-BY-SA-4.0,https://www.thingiverse.com/thing:122096,
Simplified Gun Base,Q460288,1.0.0,https://spdx.org/licenses/CC-BY-SA-4.0,https://www.thingiverse.com/thing:252364,