Name,ID,Version,License,Repo,Organisation
Twisted Bottle Whistle,Q53286,1.0.0,https://spdx.org/licenses/CC-BY-4.0,https://www.thingiverse.com/thing:12319,
Whistling Top v2,Q51306,1.0.0,https://spdx.org/licenses/CC-BY-SA-4.0,https://www.thingiverse.com/thing:11210,
Penny-Scaled Whistle Opener,Q87502,1.0.0,https://spdx.org/licenses/CC-BY-4.0,https://www.thingiverse.com/thing:22411,
whistle redesign 2,Q98314,1.0.0,https://spdx.org/licenses/GPL-3.0-or-later,https://www.thingiverse.com/thing:28761,
Multi-tone Whistle,Q60531,1.0.0,https://spdx.org/licenses/CC-BY-SA-4.0,https://www.thingiverse.com/thing:16286,
Multi tone whistle,Q62850,1.0.0,https://spdx.org/licenses/CC0-1.0,https://www.thingiverse.com/thing:17684,
DMT Pfeife Whistle,Q125834,1.0.0,https://spdx.org/licenses/CC-BY-SA-4.0,https://www.thingiverse.com/thing:35491,
james' whistle,Q265397,1.0.0,https://spdx.org/licenses/CC-BY-4.0,https://www.thingiverse.com/thing:109958,
Multitone Whistle,Q881793,1.0.0,https://spdx.org/licenses/CC-BY-4.0,https://www.thingiverse.com/thing:444538,
Whistle/Pfeife KIMUS Logo,Q125840,1.0.0,https://spdx.org/licenses/CC-BY-SA-4.0,https://www.thingiverse.com/thing:35506,